Lote,Nome,Contato,Email
A01,Pedro Jorge Farias, (81) 98765-4321,pedro.farias@example.com
A02,Ana Luiza Moreira, (21) 99876-5432,ana.moreira@example.com
A03,Lucas Gabriel Santos, (47) 98765-1234,lucas.santos@example.com
A04,Mariana Lima Costa, (61) 99876-1234,mariana.costa@example.com
A05,Guilherme Alves Pires, (11) 98765-9988,guilherme.pires@example.com
A06,Júlia Ribeiro Dias, (31) 99876-0000,julia.dias@example.com
A07,Rafael Oliveira Melo, (51) 98765-5555,rafael.melo@example.com
A08,Isabela Nunes Cunha, (71) 99876-4444,isabela.cunha@example.com
A09,Enzo Pereira Rocha, (85) 98765-3333,enzo.rocha@example.com
A10,Laura Gomes Freitas, (92) 99876-2222,laura.freitas@example.com
A11,Felipe Martins Leite, (16) 98765-1111,felipe.leite@example.com
A12,Heloísa Rodrigues Sales, (27) 99876-9999,heloisa.sales@example.com
A13,Vinícius Barbosa Morais, (41) 98765-8888,vinicius.morais@example.com
A14,Manuela Ferreira Castro, (48) 99876-7777,manuela.castro@example.com
A15,Daniel Xavier Bezerra, (62) 98765-6666,daniel.bezerra@example.com
A16,Cecília Santos Oliveira, (83) 99876-5555,cecilia.oliveira@example.com
A17,Artur Henrique Farias, (91) 98765-4444,artur.farias@example.com
A18,Alice Farias Dutra, (67) 99876-3333,alice.dutra@example.com
A19,João Victor Andrade, (79) 98765-2222,joao.andrade@example.com
A20,Sophia Cardoso Costa, (98) 99876-1111,sophia.costa@example.com
B01,Elias Miguel Ramos, (55) 98765-0101,elias.ramos@example.com
B02,Maria Eduarda Souza, (49) 99876-0202,maria.souza@example.com
B03,Caio César Guimarães, (34) 98765-0303,caio.guimaraes@example.com
B04,Brenda Caroline Neta, (75) 99876-0404,brenda.neta@example.com
B05,Thiago Lima Monteiro, (63) 98765-0505,thiago.monteiro@example.com
B06,Nicole Vitória Vieira, (69) 99876-0606,nicole.vieira@example.com
B07,Gustavo Henrique Lima, (82) 98765-0707,gustavo.lima@example.com
B08,Lívia Gabriela Ferreira, (74) 99876-0808,livia.ferreira@example.com
B09,Davi Lucca Rocha, (65) 98765-0909,davi.rocha@example.com
B10,Giovanna Martins Alves, (96) 99876-1010,giovanna.alves@example.com
B11,Gabriel Souza Barbosa, (88) 98765-1111,gabriel.barbosa@example.com
B12,Emanuelly Dias Campos, (93) 99876-1212,emanuelly.campos@example.com
B13,Miguel Ângelo Freitas, (86) 98765-1313,miguel.freitas@example.com
B14,Vitória Pires Gomes, (95) 99876-1414,vitoria.gomes@example.com
B15,Benjamin Santos Costa, (89) 98765-1515,benjamin.costa@example.com
B16,Luana Mendes Silva, (73) 99876-1616,luana.silva@example.com
B17,Henrique Costa Bezerra, (77) 98765-1717,henrique.bezerra@example.com
B18,Marina Sales Rodrigues, (54) 99876-1818,marina.rodrigues@example.com
B19,Leonardo Vieira Barros, (87) 98765-1919,leonardo.barros@example.com
B20,Letícia Lima Teixeira, (99) 99876-2020,leticia.teixeira@example.com
C01,Ricardo Jorge Almeida, (53) 98765-2121,ricardo.almeida@example.com
C02,Sofia Carolina Azevedo, (45) 99876-2222,sofia.azevedo@example.com
C03,Eduardo Luís Ramos, (37) 98765-2323,eduardo.ramos@example.com
C04,Lara Beatriz Barbosa, (76) 99876-2424,lara.barbosa@example.com
C05,Alexandre César Rocha, (68) 98765-2525,alexandre.rocha@example.com
C06,Beatriz Helena Souza, (64) 99876-2626,beatriz.souza@example.com
C07,Pietro Ferreira Dias, (84) 98765-2727,pietro.dias@example.com
C08,Elisa Vitória Melo, (78) 99876-2828,elisa.melo@example.com
C09,Cauã Miguel Cunha, (66) 98765-2929,caua.cunha@example.com
C10,Isadora Neta Mendes, (94) 99876-3030,isadora.mendes@example.com
C11,João Pedro Faria, (80) 98765-3131,joao.faria@example.com
C12,Yasmin Gabriela Silva, (97) 99876-3232,yasmin.silva@example.com
C13,Nicolas Oliveira Leite, (90) 98765-3333,nicolas.leite@example.com
C14,Helena Cardoso Pires, (56) 99876-3434,helena.pires@example.com
C15,Antônio Carlos Costa, (90) 98765-3535,antonio.costa@example.com
C16,Evelyn Santos Pereira, (58) 99876-3636,evelyn.pereira@example.com
C17,Lucas Vinícius Dutra, (72) 98765-3737,lucas.dutra@example.com
C18,Lorena Martins Sales, (44) 99876-3838,lorena.sales@example.com
C19,Rafaela Alves Lima, (80) 98765-3939,rafaela.lima@example.com
C20,Mariana Lima Teixeira, (38) 99876-4040,mariana.teixeira@example.com
D01,Bruno Henrique Vieira, (43) 98765-4141,bruno.vieira@example.com
D02,Amanda Pires Campos, (28) 99876-4242,amanda.campos@example.com
D03,Fernando Xavier Melo, (52) 98765-4343,fernando.melo@example.com
D04,Carolina Mendes Freitas, (60) 99876-4444,carolina.freitas@example.com
D05,Felipe Eduardo Sales, (46) 98765-4545,felipe.sales@example.com
D06,Gabriela Rocha Neta, (35) 99876-4646,gabriela.neta@example.com
D07,Davi Lucas Azevedo, (70) 98765-4747,davi.azevedo@example.com
D08,Heloísa Cunha Barros, (57) 99876-4848,heloisa.barros@example.com
D09,Enzo Emanuel Silva, (67) 98765-4949,enzo.silva@example.com
D10,Luiza Fernanda Pires, (42) 99876-5050,luiza.pires@example.com
D11,Ricardo Miguel Dutra, (79) 98765-5151,ricardo.dutra@example.com
D12,Laura Júlia Leite, (83) 99876-5252,laura.leite@example.com
D13,Lucas Vinícius Souza, (86) 98765-5353,lucas.souza@example.com
D14,Isabella Vitória Santos, (93) 99876-5454,isabella.santos@example.com
D15,Matheus Felipe Vieira, (55) 98765-5555,matheus.vieira@example.com
D16,Ana Clara Ribeiro, (49) 99876-5656,ana.ribeiro@example.com
D17,João Pedro Guimarães, (34) 98765-5757,joao.guimaraes@example.com
D18,Sophia Mendes Lima, (75) 99876-5858,sophia.lima@example.com
D19,Samuel Elias Costa, (63) 98765-5959,samuel.costa@example.com
D20,Emanuelly Luiza Barros, (69) 99876-6060,emanuelly.barros@example.com
E01,André Luís Ramos, (82) 98765-6161,andre.ramos@example.com
E02,Letícia Nunes Pereira, (74) 99876-6262,leticia.pereira@example.com
E03,Arthur Gabriel Freitas, (65) 98765-6363,arthur.freitas@example.com
E04,Giovanna Sales Teixeira, (96) 99876-6464,giovanna.teixeira@example.com
E05,Caio Henrique Dutra, (88) 98765-6565,caio.dutra@example.com
E06,Lívia Beatriz Mendes, (93) 99876-6666,livia.mendes@example.com
E07,Miguel Ângelo Cunha, (86) 98765-6767,miguel.cunha@example.com
E08,Vitória Régia Almeida, (95) 99876-6868,vitoria.almeida@example.com
E09,Benjamin Alves Melo, (89) 98765-6969,benjamin.melo@example.com
E10,Luana Caroline Pires, (73) 99876-7070,luana.pires@example.com
E11,Henrique Pires Leite, (77) 98765-7171,henrique.leite@example.com
E12,Marina Gabriela Lima, (54) 99876-7272,marina.lima@example.com
E13,Leonardo Xavier Barros, (87) 98765-7373,leonardo.barros@example.com
E14,Letícia Lima Ferreira, (99) 99876-7474,leticia.ferreira@example.com
E15,Ricardo Jorge Martins, (53) 98765-7575,ricardo.martins@example.com
E16,Sofia Beatriz Souza, (45) 99876-7676,sofia.souza@example.com
E17,Eduardo Luís Dutra, (37) 98765-7777,eduardo.dutra@example.com
E18,Lara Vitória Rocha, (76) 99876-7878,lara.rocha@example.com
E19,Alexandre César Bezerra, (68) 98765-7979,alexandre.bezerra@example.com
E20,Beatriz Helena Vieira, (64) 99876-8080,beatriz.vieira@example.com
F01,Pietro Ferreira Neta, (84) 98765-8181,pietro.neta@example.com
F02,Elisa Nunes Faria, (78) 99876-8282,elisa.faria@example.com
F03,Cauã Miguel Silva, (66) 98765-8383,caua.silva@example.com
F04,Isadora Mendes Cunha, (94) 99876-8484,isadora.cunha@example.com
F05,João Pedro Azevedo, (80) 98765-8585,joao.azevedo@example.com
F06,Yasmin Gabriela Pires, (97) 99876-8686,yasmin.pires@example.com
F07,Nicolas Oliveira Santos, (90) 98765-8787,nicolas.santos@example.com
F08,Helena Cardoso Leite, (56) 99876-8888,helena.leite@example.com
F09,Antônio Carlos Sales, (90) 98765-8989,antonio.sales@example.com
F10,Evelyn Santos Bezerra, (58) 99876-9090,evelyn.bezerra@example.com
F11,Lucas Vinícius Pereira, (72) 98765-9191,lucas.pereira@example.com
F12,Lorena Martins Lima, (44) 99876-9292,lorena.lima@example.com
F13,Rafaela Alves Barros, (80) 98765-9393,rafaela.barros@example.com
F14,Mariana Lima Dias, (38) 99876-9494,mariana.dias@example.com
F15,Bruno Henrique Costa, (43) 98765-9595,bruno.costa@example.com
F16,Amanda Pires Dutra, (28) 99876-9696,amanda.dutra@example.com
F17,Fernando Xavier Almeida, (52) 98765-9797,fernando.almeida@example.com
F18,Carolina Mendes Teixeira, (60) 99876-9898,carolina.teixeira@example.com
F19,Felipe Eduardo Cunha, (46) 98765-9999,felipe.cunha@example.com
F20,Gabriela Rocha Ramos, (35) 99876-0001,gabriela.ramos@example.com
G01,Davi Lucas Neta, (70) 98765-0102,davi.neta@example.com
G02,Heloísa Cunha Santos, (57) 99876-0203,heloisa.santos@example.com
G03,Enzo Emanuel Pires, (67) 98765-0304,enzo.pires@example.com
G04,Luiza Fernanda Bezerra, (42) 99876-0405,luiza.bezerra@example.com
G05,Ricardo Miguel Silva, (79) 98765-0506,ricardo.silva@example.com
G06,Laura Júlia Vieira, (83) 99876-0607,laura.vieira@example.com
G07,Lucas Vinícius Martins, (86) 98765-0708,lucas.martins@example.com
G08,Isabella Vitória Lima, (93) 99876-0809,isabella.lima@example.com
G09,Matheus Felipe Bezerra, (55) 98765-0910,matheus.bezerra@example.com
G10,Ana Clara Barros, (49) 99876-1011,ana.barros@example.com
G11,João Pedro Dias, (34) 98765-1112,joao.dias@example.com
G12,Sophia Mendes Leite, (75) 99876-1213,sophia.leite@example.com
G13,Samuel Elias Azevedo, (63) 98765-1314,samuel.azevedo@example.com
G14,Emanuelly Luiza Ramos, (69) 99876-1415,emanuelly.ramos@example.com
G15,André Luís Pires, (82) 98765-1516,andre.pires@example.com
G16,Letícia Nunes Cunha, (74) 99876-1617,leticia.cunha@example.com
G17,Arthur Gabriel Santos, (65) 98765-1718,arthur.santos@example.com
G18,Giovanna Sales Rocha, (96) 99876-1819,giovanna.rocha@example.com
G19,Caio Henrique Almeida, (88) 98765-1920,caio.almeida@example.com
G20,Lívia Beatriz Pereira, (93) 99876-2021,livia.pereira@example.com
H01,Miguel Ângelo Leite, (86) 98765-2122,miguel.leite@example.com
H02,Vitória Régia Barros, (95) 99876-2223,vitoria.barros@example.com
H03,Benjamin Alves Cunha, (89) 98765-2324,benjamin.cunha@example.com
H04,Luana Caroline Freitas, (73) 99876-2425,luana.freitas@example.com
H05,Henrique Pires Leite, (77) 98765-2526,henrique.leite@example.com
H06,Marina Gabriela Sales, (54) 99876-2627,marina.sales@example.com
H07,Leonardo Xavier Cunha, (87) 98765-2728,leonardo.cunha@example.com
H08,Letícia Lima Almeida, (99) 99876-2829,leticia.almeida@example.com
H09,Ricardo Jorge Santos, (53) 98765-2930,ricardo.santos@example.com
H10,Sofia Beatriz Pires, (45) 99876-3031,sofia.pires@example.com
H11,Eduardo Luís Bezerra, (37) 98765-3132,eduardo.bezerra@example.com
H12,Lara Vitória Ramos, (76) 99876-3233,lara.ramos@example.com
H13,Alexandre César Melo, (68) 98765-3334,alexandre.melo@example.com
H14,Beatriz Helena Pires, (64) 99876-3435,beatriz.pires@example.com
H15,Pietro Ferreira Silva, (84) 98765-3536,pietro.silva@example.com
H16,Elisa Nunes Sales, (78) 99876-3637,elisa.sales@example.com
H17,Cauã Miguel Dutra, (66) 98765-3738,caua.dutra@example.com
H18,Isadora Mendes Martins, (94) 99876-3839,isadora.martins@example.com
H19,João Pedro Faria, (80) 98765-3940,joao.faria@example.com
H20,Yasmin Gabriela Lima, (97) 99876-4041,yasmin.lima@example.com
I01,Nicolas Oliveira Leite, (90) 98765-4142,nicolas.leite@example.com
I02,Helena Cardoso Cunha, (56) 99876-4243,helena.cunha@example.com
I03,Antônio Carlos Azevedo, (90) 98765-4344,antonio.azevedo@example.com
I04,Evelyn Santos Bezerra, (58) 99876-4445,evelyn.bezerra@example.com
I05,Lucas Vinícius Pires, (72) 98765-4546,lucas.pires@example.com
I06,Lorena Martins Vieira, (44) 99876-4647,lorena.vieira@example.com
I07,Rafaela Alves Ramos, (80) 98765-4748,rafaela.ramos@example.com
I08,Mariana Lima Santos, (38) 99876-4849,mariana.santos@example.com
I09,Bruno Henrique Melo, (43) 98765-4950,bruno.melo@example.com
I10,Amanda Pires Silva, (28) 99876-5051,amanda.silva@example.com
I11,Fernando Xavier Cunha, (52) 98765-5152,fernando.cunha@example.com
I12,Carolina Mendes Almeida, (60) 99876-5253,carolina.almeida@example.com
I13,Felipe Eduardo Pires, (46) 98765-5354,felipe.pires@example.com
I14,Gabriela Rocha Barros, (35) 99876-5455,gabriela.barros@example.com
I15,Davi Lucas Leite, (70) 98765-5556,davi.leite@example.com
I16,Heloísa Cunha Dias, (57) 99876-5657,heloisa.dias@example.com
I17,Enzo Emanuel Bezerra, (67) 98765-5758,enzo.bezerra@example.com
I18,Luiza Fernanda Ramos, (42) 99876-5859,luiza.ramos@example.com
I19,Ricardo Miguel Cunha, (79) 98765-5960,ricardo.cunha@example.com
I20,Laura Júlia Pires, (83) 99876-6061,laura.pires@example.com
J01,Lucas Vinícius Lima, (86) 98765-6162,lucas.lima@example.com
J02,Isabella Vitória Vieira, (93) 99876-6263,isabella.vieira@example.com
J03,Matheus Felipe Sales, (55) 98765-6364,matheus.sales@example.com
J04,Ana Clara Bezerra, (49) 99876-6465,ana.bezerra@example.com
J05,João Pedro Azevedo, (34) 98765-6566,joao.azevedo@example.com
J06,Sophia Mendes Santos, (75) 99876-6667,sophia.santos@example.com
J07,Samuel Elias Melo, (63) 98765-6768,samuel.melo@example.com
J08,Emanuelly Luiza Dutra, (69) 99876-6869,emanuelly.dutra@example.com
J09,André Luís Pires, (82) 98765-6970,andre.pires@example.com
J10,Letícia Nunes Leite, (74) 99876-7071,leticia.leite@example.com
J11,Arthur Gabriel Bezerra, (65) 98765-7172,arthur.bezerra@example.com
J12,Giovanna Sales Cunha, (96) 99876-7273,giovanna.cunha@example.com
J13,Caio Henrique Ramos, (88) 98765-7374,caio.ramos@example.com
J14,Lívia Beatriz Pires, (93) 99876-7475,livia.pires@example.com
J15,Miguel Ângelo Freitas, (86) 98765-7576,miguel.freitas@example.com
J16,Vitória Régia Vieira, (95) 99876-7677,vitoria.vieira@example.com
J17,Benjamin Alves Santos, (89) 98765-7778,benjamin.santos@example.com
J18,Luana Caroline Dutra, (73) 99876-7879,luana.dutra@example.com
J19,Henrique Pires Lima, (77) 98765-7980,henrique.lima@example.com
J20,Marina Gabriela Bezerra, (54) 99876-8081,marina.bezerra@example.com
K01,Leonardo Xavier Silva, (87) 98765-8182,leonardo.silva@example.com
K02,Letícia Lima Sales, (99) 99876-8283,leticia.sales@example.com
K03,Ricardo Jorge Almeida, (53) 98765-8384,ricardo.almeida@example.com
K04,Sofia Beatriz Martins, (45) 99876-8485,sofia.martins@example.com
K05,Eduardo Luís Pires, (37) 98765-8586,eduardo.pires@example.com
K06,Lara Vitória Melo, (76) 99876-8687,lara.melo@example.com
K07,Alexandre César Barros, (68) 98765-8788,alexandre.barros@example.com
K08,Beatriz Helena Cunha, (64) 99876-8889,beatriz.cunha@example.com
K09,Pietro Ferreira Freitas, (84) 98765-8990,pietro.freitas@example.com
K10,Elisa Nunes Ramos, (78) 99876-9091,elisa.ramos@example.com
K11,Cauã Miguel Lima, (66) 98765-9192,caua.lima@example.com
K12,Isadora Mendes Sales, (94) 99876-9293,isadora.sales@example.com
K13,João Pedro Leite, (80) 98765-9394,joao.leite@example.com
K14,Yasmin Gabriela Bezerra, (97) 99876-9495,yasmin.bezerra@example.com
K15,Nicolas Oliveira Ramos, (90) 98765-9596,nicolas.ramos@example.com
K16,Helena Cardoso Silva, (56) 99876-9697,helena.silva@example.com
K17,Antônio Carlos Pires, (90) 98765-9798,antonio.pires@example.com
K18,Evelyn Santos Lima, (58) 99876-9899,evelyn.lima@example.com
K19,Lucas Vinícius Cunha, (72) 98765-9900,lucas.cunha@example.com
K20,Lorena Martins Bezerra, (44) 99876-0001,lorena.bezerra@example.com
L01,Rafaela Alves Dutra, (80) 98765-0102,rafaela.dutra@example.com
L02,Mariana Lima Ramos, (38) 99876-0203,mariana.ramos@example.com
L03,Bruno Henrique Pires, (43) 98765-0304,bruno.pires@example.com
L04,Amanda Pires Sales, (28) 99876-0405,amanda.sales@example.com
L05,Fernando Xavier Martins, (52) 98765-0506,fernando.martins@example.com
L06,Carolina Mendes Cunha, (60) 99876-0607,carolina.cunha@example.com
L07,Felipe Eduardo Ramos, (46) 98765-0708,felipe.ramos@example.com
L08,Gabriela Rocha Pires, (35) 99876-0809,gabriela.pires@example.com
L09,Davi Lucas Sales, (70) 98765-0910,davi.sales@example.com
L10,Heloísa Cunha Bezerra, (57) 99876-1011,heloisa.bezerra@example.com
L11,Enzo Emanuel Lima, (67) 98765-1112,enzo.lima@example.com
L12,Luiza Fernanda Cunha, (42) 99876-1213,luiza.cunha@example.com
L13,Ricardo Miguel Pires, (79) 98765-1314,ricardo.pires@example.com
L14,Laura Júlia Ramos, (83) 99876-1415,laura.ramos@example.com
L15,Lucas Vinícius Bezerra, (86) 98765-1516,lucas.bezerra@example.com
L16,Isabella Vitória Lima, (93) 99876-1617,isabella.lima@example.com
L17,Matheus Felipe Cunha, (55) 98765-1718,matheus.cunha@example.com
L18,Ana Clara Leite, (49) 99876-1819,ana.leite@example.com
L19,João Pedro Ramos, (34) 98765-1920,joao.ramos@example.com
L20,Sophia Mendes Pires, (75) 99876-2021,sophia.pires@example.com
M01,Samuel Elias Silva, (63) 98765-2122,samuel.silva@example.com
M02,Emanuelly Luiza Sales, (69) 99876-2223,emanuelly.sales@example.com
M03,André Luís Bezerra, (82) 98765-2324,andre.bezerra@example.com
M04,Letícia Nunes Leite, (74) 99876-2425,leticia.leite@example.com
M05,Arthur Gabriel Cunha, (65) 98765-2526,arthur.cunha@example.com
M06,Giovanna Sales Pires, (96) 99876-2627,giovanna.pires@example.com
M07,Caio Henrique Bezerra, (88) 98765-2728,caio.bezerra@example.com
M08,Lívia Beatriz Ramos, (93) 99876-2829,livia.ramos@example.com
M09,Miguel Ângelo Pires, (86) 98765-2930,miguel.pires@example.com
M10,Vitória Régia Leite, (95) 99876-3031,vitoria.leite@example.com
M11,Benjamin Alves Cunha, (89) 98765-3132,benjamin.cunha@example.com
M12,Luana Caroline Ramos, (73) 99876-3233,luana.ramos@example.com
M13,Henrique Pires Pires, (77) 98765-3334,henrique.pires@example.com
M14,Marina Gabriela Cunha, (54) 99876-3435,marina.cunha@example.com
M15,Leonardo Xavier Bezerra, (87) 98765-3536,leonardo.bezerra@example.com
M16,Letícia Lima Ramos, (99) 99876-3637,leticia.ramos@example.com
M17,Ricardo Jorge Cunha, (53) 98765-3738,ricardo.cunha@example.com
M18,Sofia Beatriz Pires, (45) 99876-3839,sofia.pires@example.com
M19,Eduardo Luís Ramos, (37) 98765-3940,eduardo.ramos@example.com
M20,Lara Vitória Cunha, (76) 99876-4041,lara.cunha@example.com
N01,Alexandre César Pires, (68) 98765-4142,alexandre.pires@example.com
N02,Beatriz Helena Sales, (64) 99876-4243,beatriz.sales@example.com
N03,Pietro Ferreira Bezerra, (84) 98765-4344,pietro.bezerra@example.com
N04,Elisa Nunes Cunha, (78) 99876-4445,elisa.cunha@example.com
N05,Cauã Miguel Ramos, (66) 98765-4546,caua.ramos@example.com
N06,Isadora Mendes Pires, (94) 99876-4647,isadora.pires@example.com
N07,João Pedro Cunha, (80) 98765-4748,joao.cunha@example.com
N08,Yasmin Gabriela Sales, (97) 99876-4849,yasmin.sales@example.com
N09,Nicolas Oliveira Bezerra, (90) 98765-4950,nicolas.bezerra@example.com
N10,Helena Cardoso Pires, (56) 99876-5051,helena.pires@example.com
N11,Antônio Carlos Ramos, (90) 98765-5152,antonio.ramos@example.com
N12,Evelyn Santos Cunha, (58) 99876-5253,evelyn.cunha@example.com
N13,Lucas Vinícius Sales, (72) 98765-5354,lucas.sales@example.com
N14,Lorena Martins Pires, (44) 99876-5455,lorena.pires@example.com
N15,Rafaela Alves Cunha, (80) 98765-5556,rafaela.cunha@example.com
N16,Mariana Lima Bezerra, (38) 99876-5657,mariana.bezerra@example.com
N17,Bruno Henrique Pires, (43) 98765-5758,bruno.pires@example.com
N18,Amanda Pires Cunha, (28) 99876-5859,amanda.cunha@example.com
N19,Fernando Xavier Sales, (52) 98765-5960,fernando.sales@example.com
N20,Carolina Mendes Bezerra, (60) 99876-6061,carolina.bezerra@example.com
O01,Felipe Eduardo Ramos, (46) 98765-6162,felipe.ramos@example.com
O02,Gabriela Rocha Pires, (35) 99876-6263,gabriela.pires@example.com
O03,Davi Lucas Cunha, (70) 98765-6364,davi.cunha@example.com
O04,Heloísa Cunha Sales, (57) 99876-6465,heloisa.sales@example.com
O05,Enzo Emanuel Pires, (67) 98765-6566,enzo.pires@example.com
O06,Luiza Fernanda Bezerra, (42) 99876-6667,luiza.bezerra@example.com
O07,Ricardo Miguel Cunha, (79) 98765-6768,ricardo.cunha@example.com
O08,Laura Júlia Ramos, (83) 99876-6869,laura.ramos@example.com
O09,Lucas Vinícius Pires, (86) 98765-6970,lucas.pires@example.com
O10,Isabella Vitória Cunha, (93) 99876-7071,isabella.cunha@example.com
O11,Matheus Felipe Bezerra, (55) 98765-7172,matheus.bezerra@example.com
O12,Ana Clara Sales, (49) 99876-7273,ana.sales@example.com
O13,João Pedro Cunha, (34) 98765-7374,joao.cunha@example.com
O14,Sophia Mendes Pires, (75) 99876-7475,sophia.pires@example.com
O15,Samuel Elias Bezerra, (63) 98765-7576,samuel.bezerra@example.com
O16,Emanuelly Luiza Cunha, (69) 99876-7677,emanuelly.cunha@example.com
O17,André Luís Pires, (82) 98765-7778,andre.pires@example.com
O18,Letícia Nunes Ramos, (74) 99876-7879,leticia.ramos@example.com
O19,Arthur Gabriel Cunha, (65) 98765-7980,arthur.cunha@example.com
O20,Giovanna Sales Pires, (96) 99876-8081,giovanna.pires@example.com
P01,Caio Henrique Bezerra, (88) 98765-8182,caio.bezerra@example.com
P02,Lívia Beatriz Cunha, (93) 99876-8283,livia.cunha@example.com
P03,Miguel Ângelo Pires, (86) 98765-8384,miguel.pires@example.com
P04,Vitória Régia Bezerra, (95) 99876-8485,vitoria.bezerra@example.com
P05,Benjamin Alves Cunha, (89) 98765-8586,benjamin.cunha@example.com
P06,Luana Caroline Pires, (73) 99876-8687,luana.pires@example.com
P07,Henrique Pires Bezerra, (77) 98765-8788,henrique.bezerra@example.com
P08,Marina Gabriela Cunha, (54) 99876-8889,marina.cunha@example.com
P09,Leonardo Xavier Pires, (87) 98765-8990,leonardo.pires@example.com
P10,Letícia Lima Bezerra, (99) 99876-9091,leticia.bezerra@example.com
P11,Ricardo Jorge Cunha, (53) 98765-9192,ricardo.cunha@example.com
P12,Sofia Beatriz Pires, (45) 99876-9293,sofia.pires@example.com
P13,Eduardo Luís Bezerra, (37) 98765-9394,eduardo.bezerra@example.com
P14,Lara Vitória Cunha, (76) 99876-9495,lara.cunha@example.com
P15,Alexandre César Pires, (68) 98765-9596,alexandre.pires@example.com
P16,Beatriz Helena Bezerra, (64) 99876-9697,beatriz.bezerra@example.com
P17,Pietro Ferreira Cunha, (84) 98765-9798,pietro.cunha@example.com
P18,Elisa Nunes Pires, (78) 99876-9899,elisa.pires@example.com
P19,Cauã Miguel Bezerra, (66) 98765-9900,caua.bezerra@example.com
P20,Isadora Mendes Cunha, (94) 99876-0001,isadora.cunha@example.com
Q01,João Pedro Pires, (80) 98765-0102,joao.pires@example.com
Q02,Yasmin Gabriela Bezerra, (97) 99876-0203,yasmin.bezerra@example.com
Q03,Nicolas Oliveira Cunha, (90) 98765-0304,nicolas.cunha@example.com
Q04,Helena Cardoso Pires, (56) 99876-0405,helena.pires@example.com
Q05,Antônio Carlos Bezerra, (90) 98765-0506,antonio.bezerra@example.com
Q06,Evelyn Santos Cunha, (58) 99876-0607,evelyn.cunha@example.com
Q07,Lucas Vinícius Pires, (72) 98765-0708,lucas.pires@example.com
Q08,Lorena Martins Bezerra, (44) 99876-0809,lorena.bezerra@example.com
Q09,Rafaela Alves Cunha, (80) 98765-0910,rafaela.cunha@example.com
Q10,Mariana Lima Pires, (38) 99876-1011,mariana.pires@example.com
Q11,Bruno Henrique Bezerra, (43) 98765-1112,bruno.bezerra@example.com
Q12,Amanda Pires Cunha, (28) 99876-1213,amanda.cunha@example.com
Q13,Fernando Xavier Pires, (52) 98765-1314,fernando.pires@example.com
Q14,Carolina Mendes Bezerra, (60) 99876-1415,carolina.bezerra@example.com
Q15,Felipe Eduardo Cunha, (46) 98765-1516,felipe.cunha@example.com
Q16,Gabriela Rocha Pires, (35) 99876-1617,gabriela.pires@example.com
Q17,Davi Lucas Bezerra, (70) 98765-1718,davi.bezerra@example.com
Q18,Heloísa Cunha Cunha, (57) 99876-1819,heloisa.cunha@example.com
Q19,Enzo Emanuel Pires, (67) 98765-1920,enzo.pires@example.com
Q20,Luiza Fernanda Bezerra, (42) 99876-2021,luiza.bezerra@example.com
R01,Ricardo Miguel Cunha, (79) 98765-2122,ricardo.cunha@example.com
R02,Laura Júlia Pires, (83) 99876-2223,laura.pires@example.com
R03,Lucas Vinícius Bezerra, (86) 98765-2324,lucas.bezerra@example.com
R04,Isabella Vitória Cunha, (93) 99876-2425,isabella.cunha@example.com
R05,Matheus Felipe Pires, (55) 98765-2526,matheus.pires@example.com
R06,Ana Clara Bezerra, (49) 99876-2627,ana.bezerra@example.com
R07,João Pedro Cunha, (34) 98765-2728,joao.cunha@example.com
R08,Sophia Mendes Pires, (75) 99876-2829,sophia.pires@example.com
R09,Samuel Elias Bezerra, (63) 98765-2930,samuel.bezerra@example.com
R10,Emanuelly Luiza Cunha, (69) 99876-3031,emanuelly.cunha@example.com
R11,André Luís Pires, (82) 98765-3132,andre.pires@example.com
R12,Letícia Nunes Bezerra, (74) 99876-3233,leticia.bezerra@example.com
R13,Arthur Gabriel Cunha, (65) 98765-3334,arthur.cunha@example.com
R14,Giovanna Sales Pires, (96) 99876-3435,giovanna.pires@example.com
R15,Caio Henrique Bezerra, (88) 98765-3536,caio.bezerra@example.com
R16,Lívia Beatriz Cunha, (93) 99876-3637,livia.cunha@example.com
R17,Miguel Ângelo Pires, (86) 98765-3738,miguel.pires@example.com
R18,Vitória Régia Bezerra, (95) 99876-3839,vitoria.bezerra@example.com
R19,Benjamin Alves Cunha, (89) 98765-3940,benjamin.cunha@example.com
R20,Luana Caroline Pires, (73) 99876-4041,luana.pires@example.com
S01,Henrique Pires Bezerra, (77) 98765-4142,henrique.bezerra@example.com
S02,Marina Gabriela Cunha, (54) 99876-4243,marina.cunha@example.com
S03,Leonardo Xavier Pires, (87) 98765-4344,leonardo.pires@example.com
S04,Letícia Lima Bezerra, (99) 99876-4445,leticia.bezerra@example.com
S05,Ricardo Jorge Cunha, (53) 98765-4546,ricardo.cunha@example.com
S06,Sofia Beatriz Pires, (45) 99876-4647,sofia.pires@example.com
S07,Eduardo Luís Bezerra, (37) 98765-4748,eduardo.bezerra@example.com
S08,Lara Vitória Cunha, (76) 99876-4849,lara.cunha@example.com
S09,Alexandre César Pires, (68) 98765-4950,alexandre.pires@example.com
S10,Beatriz Helena Bezerra, (64) 99876-5051,beatriz.bezerra@example.com
S11,Pietro Ferreira Cunha, (84) 98765-5152,pietro.cunha@example.com
S12,Elisa Nunes Pires, (78) 99876-5253,elisa.pires@example.com
S13,Cauã Miguel Bezerra, (66) 98765-5354,caua.bezerra@example.com
S14,Isadora Mendes Cunha, (94) 99876-5455,isadora.cunha@example.com
S15,João Pedro Pires, (80) 98765-5556,joao.pires@example.com
S16,Yasmin Gabriela Bezerra, (97) 99876-5657,yasmin.bezerra@example.com
S17,Nicolas Oliveira Cunha, (90) 98765-5758,nicolas.cunha@example.com
S18,Helena Cardoso Pires, (56) 99876-5859,helena.pires@example.com
S19,Antônio Carlos Bezerra, (90) 98765-5960,antonio.bezerra@example.com
S20,Evelyn Santos Cunha, (58) 99876-6061,evelyn.cunha@example.com
T01,Lucas Vinícius Pires, (72) 98765-6162,lucas.pires@example.com
T02,Lorena Martins Bezerra, (44) 99876-6263,lorena.bezerra@example.com
T03,Rafaela Alves Cunha, (80) 98765-6364,rafaela.cunha@example.com
T04,Mariana Lima Pires, (38) 99876-6465,mariana.pires@example.com
T05,Bruno Henrique Bezerra, (43) 98765-6566,bruno.bezerra@example.com
T06,Amanda Pires Cunha, (28) 99876-6667,amanda.cunha@example.com
T07,Fernando Xavier Pires, (52) 98765-6768,fernando.pires@example.com
T08,Carolina Mendes Bezerra, (60) 99876-6869,carolina.bezerra@example.com
T09,Felipe Eduardo Cunha, (46) 98765-6970,felipe.cunha@example.com
T10,Gabriela Rocha Pires, (35) 99876-7071,gabriela.pires@example.com
T11,Davi Lucas Bezerra, (70) 98765-7172,davi.bezerra@example.com
T12,Heloísa Cunha Cunha, (57) 99876-7273,heloisa.cunha@example.com
T13,Enzo Emanuel Pires, (67) 98765-7374,enzo.pires@example.com
T14,Luiza Fernanda Bezerra, (42) 99876-7475,luiza.bezerra@example.com
T15,Ricardo Miguel Cunha, (79) 98765-7576,ricardo.cunha@example.com
T16,Laura Júlia Pires, (83) 99876-7677,laura.pires@example.com
T17,Lucas Vinícius Bezerra, (86) 98765-7778,lucas.bezerra@example.com
T18,Isabella Vitória Cunha, (93) 99876-7879,isabella.cunha@example.com
T19,Matheus Felipe Pires, (55) 98765-7980,matheus.pires@example.com
T20,Ana Clara Bezerra, (49) 99876-8081,ana.bezerra@example.com
U01,João Pedro Cunha, (34) 98765-8182,joao.cunha@example.com
U02,Sophia Mendes Pires, (75) 99876-8283,sophia.pires@example.com
U03,Samuel Elias Bezerra, (63) 98765-8384,samuel.bezerra@example.com
U04,Emanuelly Luiza Cunha, (69) 99876-8485,emanuelly.cunha@example.com
U05,André Luís Pires, (82) 98765-8586,andre.pires@example.com
U06,Letícia Nunes Bezerra, (74) 99876-8687,leticia.bezerra@example.com
U07,Arthur Gabriel Cunha, (65) 98765-8788,arthur.cunha@example.com
U08,Giovanna Sales Pires, (96) 99876-8889,giovanna.pires@example.com
U09,Caio Henrique Bezerra, (88) 98765-8990,caio.bezerra@example.com
U10,Lívia Beatriz Cunha, (93) 99876-9091,livia.cunha@example.com
U11,Miguel Ângelo Pires, (86) 98765-9192,miguel.pires@example.com
U12,Vitória Régia Bezerra, (95) 99876-9293,vitoria.bezerra@example.com
U13,Benjamin Alves Cunha, (89) 98765-9394,benjamin.cunha@example.com
U14,Luana Caroline Pires, (73) 99876-9495,luana.pires@example.com
U15,Henrique Pires Bezerra, (77) 98765-9596,henrique.bezerra@example.com
U16,Marina Gabriela Cunha, (54) 99876-9697,marina.cunha@example.com
U17,Leonardo Xavier Pires, (87) 98765-9798,leonardo.pires@example.com
U18,Letícia Lima Bezerra, (99) 99876-9899,leticia.bezerra@example.com
U19,Ricardo Jorge Cunha, (53) 98765-9900,ricardo.cunha@example.com
U20,Sofia Beatriz Pires, (45) 99876-0001,sofia.pires@example.com
V01,Eduardo Luís Bezerra, (37) 98765-0102,eduardo.bezerra@example.com
V02,Lara Vitória Cunha, (76) 99876-0203,lara.cunha@example.com
V03,Alexandre César Pires, (68) 98765-0304,alexandre.pires@example.com
V04,Beatriz Helena Bezerra, (64) 99876-0405,beatriz.bezerra@example.com
V05,Pietro Ferreira Cunha, (84) 98765-0506,pietro.cunha@example.com
V06,Elisa Nunes Pires, (78) 99876-0607,elisa.pires@example.com
V07,Cauã Miguel Bezerra, (66) 98765-0708,caua.bezerra@example.com
V08,Isadora Mendes Cunha, (94) 99876-0809,isadora.cunha@example.com
V09,João Pedro Pires, (80) 98765-0910,joao.pires@example.com
V10,Yasmin Gabriela Bezerra, (97) 99876-1011,yasmin.bezerra@example.com
V11,Nicolas Oliveira Cunha, (90) 98765-1112,nicolas.cunha@example.com
V12,Helena Cardoso Pires, (56) 99876-1213,helena.pires@example.com
V13,Antônio Carlos Bezerra, (90) 98765-1314,antonio.bezerra@example.com
V14,Evelyn Santos Cunha, (58) 99876-1415,evelyn.cunha@example.com
V15,Lucas Vinícius Pires, (72) 98765-1516,lucas.pires@example.com
V16,Lorena Martins Bezerra, (44) 99876-1617,lorena.bezerra@example.com
V17,Rafaela Alves Cunha, (80) 98765-1718,rafaela.cunha@example.com
V18,Mariana Lima Pires, (38) 99876-1819,mariana.pires@example.com
V19,Bruno Henrique Bezerra, (43) 98765-1920,bruno.bezerra@example.com
V20,Amanda Pires Cunha, (28) 99876-2021,amanda.cunha@example.com
W01,Fernando Xavier Pires, (52) 98765-2122,fernando.pires@example.com
W02,Carolina Mendes Bezerra, (60) 99876-2223,carolina.bezerra@example.com
W03,Felipe Eduardo Cunha, (46) 98765-2324,felipe.cunha@example.com
W04,Gabriela Rocha Pires, (35) 99876-2425,gabriela.pires@example.com
W05,Davi Lucas Bezerra, (70) 98765-2526,davi.bezerra@example.com
W06,Heloísa Cunha Cunha, (57) 99876-2627,heloisa.cunha@example.com
W07,Enzo Emanuel Pires, (67) 98765-2728,enzo.pires@example.com
W08,Luiza Fernanda Bezerra, (42) 99876-2829,luiza.bezerra@example.com
W09,Ricardo Miguel Cunha, (79) 98765-2930,ricardo.cunha@example.com
W10,Laura Júlia Pires, (83) 99876-3031,laura.pires@example.com
W11,Lucas Vinícius Bezerra, (86) 98765-3132,lucas.bezerra@example.com
W12,Isabella Vitória Cunha, (93) 99876-3233,isabella.cunha@example.com
W13,Matheus Felipe Pires, (55) 98765-3334,matheus.pires@example.com
W14,Ana Clara Bezerra, (49) 99876-3435,ana.bezerra@example.com
W15,João Pedro Cunha, (34) 98765-3536,joao.cunha@example.com
W16,Sophia Mendes Pires, (75) 99876-3637,sophia.pires@example.com
W17,Samuel Elias Bezerra, (63) 98765-3738,samuel.bezerra@example.com
W18,Emanuelly Luiza Cunha, (69) 99876-3839,emanuelly.cunha@example.com
W19,André Luís Pires, (82) 98765-3940,andre.pires@example.com
W20,Letícia Nunes Bezerra, (74) 99876-4041,leticia.bezerra@example.com
X01,Arthur Gabriel Cunha, (65) 98765-4142,arthur.cunha@example.com
X02,Giovanna Sales Pires, (96) 99876-4243,giovanna.pires@example.com
X03,Caio Henrique Bezerra, (88) 98765-4344,caio.bezerra@example.com
X04,Lívia Beatriz Cunha, (93) 99876-4445,livia.cunha@example.com
X05,Miguel Ângelo Pires, (86) 98765-4546,miguel.pires@example.com
X06,Vitória Régia Bezerra, (95) 99876-4647,vitoria.bezerra@example.com
X07,Benjamin Alves Cunha, (89) 98765-4748,benjamin.cunha@example.com
X08,Luana Caroline Pires, (73) 99876-4849,luana.pires@example.com
X09,Henrique Pires Bezerra, (77) 98765-4950,henrique.bezerra@example.com
X10,Marina Gabriela Cunha, (54) 99876-5051,marina.cunha@example.com
X11,Leonardo Xavier Pires, (87) 98765-5152,leonardo.pires@example.com
X12,Letícia Lima Bezerra, (99) 99876-5253,leticia.bezerra@example.com
X13,Ricardo Jorge Cunha, (53) 98765-5354,ricardo.cunha@example.com
X14,Sofia Beatriz Pires, (45) 99876-5455,sofia.pires@example.com
X15,Eduardo Luís Bezerra, (37) 98765-5556,eduardo.bezerra@example.com
X16,Lara Vitória Cunha, (76) 99876-5657,lara.cunha@example.com
X17,Alexandre César Pires, (68) 98765-5758,alexandre.pires@example.com
X18,Beatriz Helena Bezerra, (64) 99876-5859,beatriz.bezerra@example.com
X19,Pietro Ferreira Cunha, (84) 98765-5960,pietro.cunha@example.com
X20,Elisa Nunes Pires, (78) 99876-6061,elisa.pires@example.com
Y01,Cauã Miguel Bezerra, (66) 98765-6162,caua.bezerra@example.com
Y02,Isadora Mendes Cunha, (94) 99876-6263,isadora.cunha@example.com
Y03,João Pedro Pires, (80) 98765-6364,joao.pires@example.com
Y04,Yasmin Gabriela Bezerra, (97) 99876-6465,yasmin.bezerra@example.com
Y05,Nicolas Oliveira Cunha, (90) 98765-6566,nicolas.cunha@example.com
Y06,Helena Cardoso Pires, (56) 99876-6667,helena.pires@example.com
Y07,Antônio Carlos Bezerra, (90) 98765-6768,antonio.bezerra@example.com
Y08,Evelyn Santos Cunha, (58) 99876-6869,evelyn.cunha@example.com
Y09,Lucas Vinícius Pires, (72) 98765-6970,lucas.pires@example.com
Y10,Lorena Martins Bezerra, (44) 99876-7071,lorena.bezerra@example.com
Y11,Rafaela Alves Cunha, (80) 98765-7172,rafaela.cunha@example.com
Y12,Mariana Lima Pires, (38) 99876-7273,mariana.pires@example.com
Y13,Bruno Henrique Bezerra, (43) 98765-7374,bruno.bezerra@example.com
Y14,Amanda Pires Cunha, (28) 99876-7475,amanda.cunha@example.com
Y15,Fernando Xavier Pires, (52) 98765-7576,fernando.pires@example.com
Y16,Carolina Mendes Bezerra, (60) 99876-7677,carolina.bezerra@example.com
Y17,Felipe Eduardo Cunha, (46) 98765-7778,felipe.cunha@example.com
Y18,Gabriela Rocha Pires, (35) 99876-7879,gabriela.pires@example.com
Y19,Davi Lucas Bezerra, (70) 98765-7980,davi.bezerra@example.com
Y20,Heloísa Cunha Cunha, (57) 99876-8081,heloisa.cunha@example.com